customer_code,2025-01-01,2025-02-01,2025-03-01,2026-01-01,2026-02-01
KH-00001,2305556.0,0.0,9222223.0,0.0,0.0
KH-00002,3509259.0,0.0,0.0,0.0,0.0
KH-00003,2398148.0,0.0,0.0,0.0,0.0
KH-00004,12268519.0,47190000.0,135920000.0,20574074.0,57787759.0
KH-00005,4425926.0,0.0,0.0,0.0,0.0
KH-00006,82460919.0,276751530.0,175371454.0,158071007.0,401262658.0
KH-00007,247541204.0,0.0,34840000.0,324075674.0,0.0
KH-00008,6648148.0,0.0,0.0,7037038.0,0.0
KH-00009,44444444.0,0.0,0.0,0.0,44444444.0
KH-00010,17104444.0,48521284.0,145245148.0,28257218.0,81211454.0
KH-00011,2305556.0,0.0,2305556.0,0.0,0.0
KH-00012,2592593.0,0.0,2592593.0,0.0,0.0
KH-00013,2490741.0,0.0,0.0,0.0,0.0
KH-00014,42780000.0,31330000.0,45160000.0,39473324.0,0.0
KH-00015,23210000.0,0.0,54720000.0,0.0,0.0
KH-00016,36730000.0,0.0,57180000.0,0.0,0.0
KH-00017,23350000.0,0.0,0.0,0.0,0.0
KH-00018,96920000.0,0.0,28981481.0,62849148.0,81484230.0
KH-00019,549131198.0,196435555.0,569935465.0,1673095925.0,633303612.0
KH-00020,124583332.0,0.0,0.0,0.0,0.0
KH-00021,87037037.0,0.0,0.0,0.0,0.0
KH-00022,37250000.0,32160000.0,70016647.0,47703881.0,0.0
KH-00023,284648146.0,272593519.0,4425926.0,0.0,230648146.0
KH-00024,55900000.0,96260000.0,114270000.0,149230528.0,181779584.0
KH-00025,13277778.0,0.0,0.0,0.0,0.0
KH-00026,7777778.0,0.0,0.0,0.0,0.0
KH-00027,24583215.0,18920000.0,24764039.0,107754783.0,46031470.0
KH-00028,34510000.0,0.0,16540000.0,0.0,0.0
KH-00029,4055556.0,0.0,0.0,0.0,0.0
KH-00030,680818519.0,0.0,0.0,685527778.0,0.0
KH-00031,4907408.0,0.0,0.0,0.0,0.0
KH-00032,1935185.0,0.0,0.0,0.0,0.0
KH-00033,11064815.0,0.0,0.0,0.0,0.0
KH-00034,11750000.0,21000000.0,0.0,0.0,0.0
KH-00035,15000000.0,0.0,48200000.0,0.0,0.0
KH-00036,31342592.0,14981481.0,0.0,0.0,0.0
KH-00037,3879630.0,0.0,0.0,0.0,0.0
KH-00038,32350000.0,74329035.0,0.0,0.0,0.0
KH-00039,153703695.0,0.0,0.0,61250010.0,0.0
KH-00040,185400000.0,61200000.0,46800000.0,0.0,0.0
KH-00041,11064815.0,0.0,0.0,0.0,0.0
KH-00042,23315739.0,50856467.0,48142117.0,37474434.0,40871560.0
KH-00043,2360000.0,28290000.0,0.0,0.0,0.0
KH-00044,29250000.0,0.0,0.0,47775542.0,0.0
KH-00045,18111112.0,0.0,0.0,0.0,0.0
KH-00046,105677282.0,0.0,108164789.0,0.0,78322761.0
KH-00047,0.0,36180000.0,0.0,0.0,0.0
KH-00048,0.0,13277778.0,0.0,0.0,0.0
KH-00049,0.0,58662032.0,29268048.0,16416664.0,20859996.0
KH-00050,0.0,2305556.0,0.0,0.0,0.0
KH-00051,0.0,4611111.0,0.0,0.0,0.0
KH-00052,0.0,2212963.0,0.0,0.0,0.0
KH-00053,0.0,3694444.0,0.0,0.0,0.0
KH-00054,0.0,2398148.0,0.0,0.0,0.0
KH-00055,0.0,4983333.0,0.0,0.0,0.0
KH-00056,0.0,33090000.0,0.0,0.0,0.0
KH-00057,0.0,152555152.0,411020000.0,0.0,0.0
KH-00058,0.0,24000000.0,0.0,0.0,0.0
KH-00059,0.0,48680000.0,0.0,0.0,0.0
KH-00060,0.0,25550000.0,0.0,0.0,0.0
KH-00061,0.0,13730000.0,0.0,0.0,0.0
KH-00062,0.0,71840000.0,47700000.0,0.0,0.0
KH-00063,0.0,20615148.0,31100000.0,0.0,0.0
KH-00064,0.0,130900000.0,232162500.0,0.0,0.0
KH-00065,0.0,82180000.0,468450000.0,0.0,0.0
KH-00066,0.0,34390000.0,0.0,0.0,0.0
KH-00067,0.0,68891481.0,145054821.0,0.0,0.0
KH-00068,0.0,30520000.0,17490000.0,0.0,0.0
KH-00069,0.0,11074074.0,0.0,5537037.0,0.0
KH-00070,0.0,8851852.0,0.0,0.0,0.0
KH-00071,0.0,3509259.0,0.0,0.0,0.0
KH-00072,0.0,3450000.0,0.0,0.0,0.0
KH-00073,0.0,35060000.0,27552500.0,0.0,0.0
KH-00074,0.0,15431481.0,10400000.0,13197126.0,0.0
KH-00075,0.0,102990000.0,209865405.0,54772209.0,0.0
KH-00076,0.0,80159073.0,61858500.0,362784570.0,270117118.0
KH-00077,0.0,35020000.0,0.0,0.0,0.0
KH-00078,0.0,98797405.0,127574124.0,75514516.0,0.0
KH-00079,0.0,60146430.0,22170000.0,47852213.0,82504421.0
KH-00080,0.0,60020000.0,0.0,0.0,0.0
KH-00081,0.0,45220000.0,0.0,0.0,0.0
KH-00082,0.0,43600000.0,0.0,0.0,0.0
KH-00083,0.0,39450000.0,101950000.0,0.0,0.0
KH-00084,0.0,17860000.0,0.0,0.0,0.0
KH-00085,0.0,23760000.0,23020000.0,0.0,0.0
KH-00086,0.0,33647574.0,76371787.0,0.0,0.0
KH-00087,0.0,24200000.0,0.0,0.0,0.0
KH-00088,0.0,37992643.0,87890000.0,72584440.0,130813575.0
KH-00089,0.0,138392643.0,0.0,0.0,0.0
KH-00090,0.0,8518519.0,0.0,0.0,0.0
KH-00091,0.0,141519023.0,2547090608.0,1237280000.0,1052970000.0
KH-00092,0.0,14260000.0,37222643.0,0.0,0.0
KH-00093,0.0,33570000.0,78860000.0,0.0,0.0
KH-00094,0.0,23330000.0,18460000.0,0.0,0.0
KH-00095,0.0,34730000.0,0.0,0.0,0.0
KH-00096,0.0,24340000.0,27787000.0,0.0,0.0
KH-00097,0.0,132045605.0,67304508.0,0.0,0.0
KH-00098,0.0,151780000.0,150700000.0,0.0,0.0
KH-00099,0.0,43710000.0,0.0,0.0,0.0
KH-00100,0.0,38569522.0,48725580.0,0.0,0.0
KH-00101,0.0,1180000.0,34240000.0,0.0,0.0
KH-00102,0.0,69700000.0,0.0,0.0,0.0
KH-00103,0.0,18680556.0,0.0,0.0,0.0
KH-00104,0.0,65335286.0,160880000.0,0.0,0.0
KH-00105,0.0,34910000.0,0.0,0.0,0.0
KH-00106,0.0,88360000.0,0.0,0.0,0.0
KH-00107,0.0,21760000.0,61070000.0,0.0,0.0
KH-00108,0.0,35900000.0,0.0,0.0,0.0
KH-00109,0.0,11900000.0,68890000.0,0.0,0.0
KH-00110,0.0,19750000.0,38150000.0,0.0,0.0
KH-00111,0.0,26040000.0,46588500.0,0.0,0.0
KH-00112,0.0,35180000.0,26261481.0,0.0,0.0
KH-00113,0.0,17790000.0,0.0,23649439.0,0.0
KH-00114,0.0,22550000.0,0.0,0.0,0.0
KH-00115,0.0,32360000.0,19890000.0,0.0,0.0
KH-00116,0.0,57090000.0,0.0,0.0,0.0
KH-00117,0.0,23960000.0,24530000.0,0.0,0.0
KH-00118,0.0,7361111.0,0.0,0.0,0.0
KH-00119,0.0,28372558.0,25141039.0,0.0,0.0
KH-00120,0.0,30742643.0,47177500.0,0.0,0.0
KH-00121,0.0,25527929.0,0.0,0.0,0.0
KH-00122,0.0,28520000.0,0.0,0.0,0.0
KH-00123,0.0,17390000.0,0.0,0.0,0.0
KH-00124,0.0,36220000.0,0.0,0.0,0.0
KH-00125,0.0,21860000.0,0.0,0.0,0.0
KH-00126,0.0,37970000.0,68200000.0,0.0,0.0
KH-00127,0.0,48240000.0,0.0,0.0,0.0
KH-00128,0.0,46560000.0,0.0,0.0,0.0
KH-00129,0.0,60307929.0,0.0,0.0,0.0
KH-00130,0.0,36600000.0,154580000.0,0.0,0.0
KH-00131,0.0,35090000.0,0.0,0.0,0.0
KH-00132,0.0,73740000.0,267910000.0,0.0,0.0
KH-00133,0.0,52861481.0,3000000.0,81618593.0,56226085.0
KH-00134,0.0,128609691.0,108069244.0,265356055.0,204911072.0
KH-00135,0.0,34180000.0,0.0,0.0,0.0
KH-00136,0.0,42370000.0,0.0,0.0,0.0
KH-00137,0.0,36580000.0,0.0,0.0,0.0
KH-00138,0.0,52850000.0,0.0,0.0,0.0
KH-00139,0.0,73572860.0,50725286.0,0.0,0.0
KH-00140,0.0,40760000.0,58150000.0,0.0,0.0
KH-00141,0.0,108820000.0,0.0,0.0,0.0
KH-00142,0.0,13450000.0,53098500.0,0.0,0.0
KH-00143,0.0,29700000.0,0.0,0.0,0.0
KH-00144,0.0,22418078.0,0.0,0.0,0.0
KH-00145,0.0,22940000.0,0.0,0.0,0.0
KH-00146,0.0,18640000.0,0.0,0.0,0.0
KH-00147,0.0,64955042.0,111443201.0,0.0,290326127.0
KH-00148,0.0,21422643.0,61360000.0,0.0,0.0
KH-00149,0.0,35767929.0,30520000.0,0.0,0.0
KH-00150,0.0,14582643.0,0.0,0.0,0.0
KH-00151,0.0,42300000.0,87961924.0,0.0,0.0
KH-00152,0.0,38830000.0,50215116.0,0.0,0.0
KH-00153,0.0,33900000.0,0.0,0.0,0.0
KH-00154,0.0,23640000.0,56360000.0,0.0,0.0
KH-00155,0.0,40062117.0,99947403.0,0.0,0.0
KH-00156,0.0,21250000.0,0.0,0.0,0.0
KH-00157,0.0,7018519.0,0.0,85935190.0,159185190.0
KH-00158,0.0,23040000.0,0.0,0.0,0.0
KH-00159,0.0,4611111.0,16138889.0,0.0,0.0
KH-00160,0.0,2768519.0,0.0,0.0,0.0
KH-00161,0.0,21197215.0,161648123.0,0.0,0.0
KH-00162,0.0,10510000.0,7370000.0,0.0,23001103.0
KH-00163,0.0,24015924.0,58679559.0,0.0,0.0
KH-00164,0.0,25750000.0,36000000.0,0.0,0.0
KH-00165,0.0,10890000.0,0.0,0.0,0.0
KH-00166,0.0,23312643.0,0.0,0.0,0.0
KH-00167,0.0,24390000.0,57830000.0,0.0,60264618.0
KH-00168,0.0,32882117.0,38780000.0,0.0,83676273.0
KH-00169,0.0,89420000.0,0.0,146086634.0,125702188.0
KH-00170,0.0,41700000.0,0.0,0.0,0.0
KH-00171,0.0,24259259.0,0.0,0.0,0.0
KH-00172,0.0,138944444.0,128777777.0,0.0,84722222.0
KH-00173,0.0,0.0,1582007777.0,0.0,0.0
KH-00174,0.0,0.0,23300000.0,0.0,0.0
KH-00175,0.0,0.0,7490741.0,0.0,0.0
KH-00176,0.0,0.0,1472222.0,0.0,0.0
KH-00177,0.0,0.0,7388889.0,0.0,0.0
KH-00178,0.0,0.0,2212963.0,0.0,0.0
KH-00179,0.0,0.0,4240741.0,0.0,0.0
KH-00180,0.0,0.0,47210000.0,99211644.0,36253876.0
KH-00181,0.0,0.0,145317087.0,83015809.0,102683313.0
KH-00182,0.0,0.0,13140000.0,0.0,0.0
KH-00183,0.0,0.0,20000000.0,0.0,0.0
KH-00184,0.0,0.0,24742962.0,0.0,0.0
KH-00185,0.0,0.0,2546296.0,0.0,0.0
KH-00186,0.0,0.0,67567129.0,0.0,0.0
KH-00187,0.0,0.0,2768519.0,0.0,0.0
KH-00188,0.0,0.0,75574075.0,0.0,0.0
KH-00189,0.0,0.0,68267826.0,0.0,0.0
KH-00190,0.0,0.0,54567000.0,0.0,0.0
KH-00191,0.0,0.0,2768519.0,0.0,0.0
KH-00192,0.0,0.0,47910000.0,0.0,0.0
KH-00193,0.0,0.0,244765884.0,0.0,0.0
KH-00194,0.0,0.0,154826001.0,0.0,72601255.0
KH-00195,0.0,0.0,38790000.0,0.0,0.0
KH-00196,0.0,0.0,51900000.0,0.0,0.0
KH-00197,0.0,0.0,143952962.0,0.0,0.0
KH-00198,0.0,0.0,161705220.0,0.0,0.0
KH-00199,0.0,0.0,64070000.0,0.0,0.0
KH-00200,0.0,0.0,56517000.0,0.0,0.0
KH-00201,0.0,0.0,54234212.0,0.0,0.0
KH-00202,0.0,0.0,57790000.0,0.0,0.0
KH-00203,0.0,0.0,2305556.0,0.0,0.0
KH-00204,0.0,0.0,24907407.0,0.0,0.0
KH-00205,0.0,0.0,58740000.0,0.0,0.0
KH-00206,0.0,0.0,30030000.0,0.0,0.0
KH-00207,0.0,0.0,101357296.0,0.0,0.0
KH-00208,0.0,0.0,121615286.0,0.0,0.0
KH-00209,0.0,0.0,52103683.0,0.0,0.0
KH-00210,0.0,0.0,31677734.0,0.0,0.0
KH-00211,0.0,0.0,31530000.0,0.0,0.0
KH-00212,0.0,0.0,99322643.0,0.0,0.0
KH-00213,0.0,0.0,2305556.0,0.0,0.0
KH-00214,0.0,0.0,81983500.0,0.0,0.0
KH-00215,0.0,0.0,37160000.0,0.0,0.0
KH-00216,0.0,0.0,61070000.0,0.0,0.0
KH-00217,0.0,0.0,193880000.0,50647773.0,183993846.0
KH-00218,0.0,0.0,40060000.0,30225917.0,0.0
KH-00219,0.0,0.0,73480000.0,130458306.0,35982213.0
KH-00220,0.0,0.0,74017929.0,0.0,0.0
KH-00221,0.0,0.0,59460000.0,0.0,0.0
KH-00222,0.0,0.0,42161481.0,0.0,0.0
KH-00223,0.0,0.0,33720000.0,0.0,0.0
KH-00224,0.0,0.0,36150000.0,0.0,0.0
KH-00225,0.0,0.0,84160000.0,0.0,0.0
KH-00226,0.0,0.0,26040000.0,0.0,0.0
KH-00227,0.0,0.0,40920000.0,0.0,0.0
KH-00228,0.0,0.0,18000000.0,0.0,0.0
KH-00229,0.0,0.0,33980000.0,0.0,0.0
KH-00230,0.0,0.0,20440000.0,0.0,0.0
KH-00231,0.0,0.0,107772500.0,0.0,0.0
KH-00232,0.0,0.0,19000000.0,0.0,0.0
KH-00233,0.0,0.0,22840000.0,0.0,0.0
KH-00234,0.0,0.0,24220000.0,0.0,0.0
KH-00235,0.0,0.0,87420000.0,0.0,0.0
KH-00236,0.0,0.0,35880000.0,0.0,0.0
KH-00237,0.0,0.0,59932962.0,0.0,0.0
KH-00238,0.0,0.0,33546143.0,0.0,0.0
KH-00239,0.0,0.0,34357000.0,0.0,0.0
KH-00240,0.0,0.0,39050000.0,0.0,0.0
KH-00241,0.0,0.0,88600000.0,0.0,0.0
KH-00242,0.0,0.0,36320000.0,0.0,0.0
KH-00243,0.0,0.0,35150000.0,0.0,0.0
KH-00244,0.0,0.0,33400000.0,0.0,0.0
KH-00245,0.0,0.0,2120370.0,0.0,0.0
KH-00246,0.0,0.0,38184000.0,0.0,0.0
KH-00247,0.0,0.0,126890000.0,0.0,0.0
KH-00248,0.0,0.0,100482859.0,0.0,0.0
KH-00249,0.0,0.0,37560000.0,0.0,0.0
KH-00250,0.0,0.0,95971481.0,0.0,0.0
KH-00251,0.0,0.0,119020000.0,0.0,0.0
KH-00252,0.0,0.0,59107574.0,0.0,0.0
KH-00253,0.0,0.0,7490741.0,0.0,0.0
KH-00254,0.0,0.0,43942860.0,0.0,0.0
KH-00255,0.0,0.0,58060000.0,0.0,0.0
KH-00256,0.0,0.0,151660000.0,0.0,0.0
KH-00257,0.0,0.0,39541481.0,0.0,0.0
KH-00258,0.0,0.0,39361481.0,0.0,0.0
KH-00259,0.0,0.0,35050000.0,0.0,0.0
KH-00260,0.0,0.0,66020000.0,0.0,0.0
KH-00261,0.0,0.0,49160000.0,0.0,0.0
KH-00262,0.0,0.0,64270000.0,0.0,0.0
KH-00263,0.0,0.0,35790000.0,0.0,0.0
KH-00264,0.0,0.0,131871676.0,0.0,0.0
KH-00265,0.0,0.0,115376430.0,0.0,0.0
KH-00266,0.0,0.0,83590000.0,0.0,0.0
KH-00267,0.0,0.0,85460000.0,0.0,0.0
KH-00268,0.0,0.0,58140000.0,0.0,0.0
KH-00269,0.0,0.0,52678500.0,0.0,0.0
KH-00270,0.0,0.0,57290000.0,0.0,0.0
KH-00271,0.0,0.0,20030000.0,0.0,0.0
KH-00272,0.0,0.0,43920000.0,0.0,0.0
KH-00273,0.0,0.0,44730000.0,0.0,0.0
KH-00274,0.0,0.0,18170000.0,0.0,0.0
KH-00275,0.0,0.0,35890000.0,0.0,0.0
KH-00276,0.0,0.0,68110000.0,0.0,0.0
KH-00277,0.0,0.0,232490000.0,0.0,0.0
KH-00278,0.0,0.0,47790000.0,0.0,0.0
KH-00279,0.0,0.0,17170000.0,0.0,0.0
KH-00280,0.0,0.0,22480000.0,0.0,0.0
KH-00281,0.0,0.0,42075286.0,0.0,0.0
KH-00282,0.0,0.0,51690000.0,0.0,0.0
KH-00283,0.0,0.0,54240000.0,0.0,0.0
KH-00284,0.0,0.0,35470000.0,22092772.0,0.0
KH-00285,0.0,0.0,55041000.0,0.0,0.0
KH-00286,0.0,0.0,2398148.0,0.0,0.0
KH-00287,0.0,0.0,4611111.0,0.0,0.0
KH-00288,0.0,0.0,53532962.0,0.0,33679990.0
KH-00289,0.0,0.0,64680000.0,0.0,0.0
KH-00290,0.0,0.0,14702643.0,0.0,0.0
KH-00291,0.0,0.0,24000000.0,0.0,0.0
KH-00292,0.0,0.0,28127001.0,0.0,0.0
KH-00293,0.0,0.0,20277778.0,0.0,0.0
KH-00294,0.0,0.0,2305556.0,0.0,0.0
KH-00295,0.0,0.0,34400000.0,0.0,0.0
KH-00296,0.0,0.0,23580000.0,0.0,0.0
KH-00297,0.0,0.0,20650000.0,0.0,0.0
KH-00298,0.0,0.0,96307574.0,0.0,0.0
KH-00299,0.0,0.0,24430000.0,0.0,0.0
KH-00300,0.0,0.0,17490000.0,0.0,0.0
KH-00301,0.0,0.0,64940000.0,0.0,0.0
KH-00302,0.0,0.0,36910000.0,0.0,0.0
KH-00303,0.0,0.0,12980000.0,0.0,0.0
KH-00304,0.0,0.0,17710000.0,0.0,0.0
KH-00305,0.0,0.0,32170000.0,0.0,0.0
KH-00306,0.0,0.0,16430000.0,0.0,0.0
KH-00307,0.0,0.0,29517574.0,0.0,0.0
KH-00308,0.0,0.0,38840000.0,0.0,0.0
KH-00309,0.0,0.0,21610000.0,0.0,0.0
KH-00310,0.0,0.0,34770000.0,0.0,0.0
KH-00311,0.0,0.0,39960000.0,0.0,0.0
KH-00312,0.0,0.0,46750000.0,0.0,0.0
KH-00313,0.0,0.0,18730000.0,0.0,0.0
KH-00314,0.0,0.0,70640000.0,0.0,0.0
KH-00315,0.0,0.0,20889981.0,0.0,0.0
KH-00316,0.0,0.0,42392500.0,0.0,0.0
KH-00317,0.0,0.0,17550000.0,0.0,0.0
KH-00318,0.0,0.0,30680000.0,0.0,0.0
KH-00319,0.0,0.0,27978500.0,0.0,0.0
KH-00320,0.0,0.0,18020000.0,0.0,0.0
KH-00321,0.0,0.0,22250000.0,0.0,0.0
KH-00322,0.0,0.0,16380000.0,0.0,0.0
KH-00323,0.0,0.0,10850000.0,0.0,0.0
KH-00324,0.0,0.0,34180000.0,0.0,0.0
KH-00325,0.0,0.0,59956468.0,0.0,0.0
KH-00326,0.0,0.0,13870000.0,0.0,0.0
KH-00327,0.0,0.0,55970000.0,0.0,0.0
KH-00328,0.0,0.0,37780000.0,0.0,0.0
KH-00329,0.0,0.0,21666667.0,0.0,0.0
KH-00330,0.0,0.0,61560000.0,0.0,0.0
KH-00331,0.0,0.0,16960000.0,0.0,0.0
KH-00332,0.0,0.0,24510000.0,0.0,0.0
KH-00333,0.0,0.0,22970000.0,0.0,0.0
KH-00334,0.0,0.0,0.0,244805554.0,0.0
KH-00335,0.0,0.0,0.0,3870371.0,0.0
KH-00336,0.0,0.0,0.0,4537038.0,0.0
KH-00337,0.0,0.0,0.0,9157407.0,0.0
KH-00338,0.0,0.0,0.0,214308277.0,381396546.0
KH-00339,0.0,0.0,0.0,39126658.0,30910732.0
KH-00340,0.0,0.0,0.0,74108412.0,0.0
KH-00341,0.0,0.0,0.0,595172742.0,424742680.0
KH-00342,0.0,0.0,0.0,62091380.0,305978076.0
KH-00343,0.0,0.0,0.0,103598860.0,53609983.0
KH-00344,0.0,0.0,0.0,50565548.0,0.0
KH-00345,0.0,0.0,0.0,14872220.0,0.0
KH-00346,0.0,0.0,0.0,33596659.0,43601279.0
KH-00347,0.0,0.0,0.0,66909429.0,40347030.0
KH-00348,0.0,0.0,0.0,26299442.0,43011660.0
KH-00349,0.0,0.0,0.0,112408309.0,257830121.0
KH-00350,0.0,0.0,0.0,152039412.0,28124438.0
KH-00351,0.0,0.0,0.0,39405545.0,0.0
KH-00352,0.0,0.0,0.0,88007574.0,0.0
KH-00353,0.0,0.0,0.0,64050171.0,56002212.0
KH-00354,0.0,0.0,0.0,77331372.0,0.0
KH-00355,0.0,0.0,0.0,48138872.0,19481665.0
KH-00356,0.0,0.0,0.0,96440808.0,0.0
KH-00357,0.0,0.0,0.0,41074343.0,75982195.0
KH-00358,0.0,0.0,0.0,34670823.0,10756664.0
KH-00359,0.0,0.0,0.0,205310881.0,137917646.0
KH-00360,0.0,0.0,0.0,191129200.0,0.0
KH-00361,0.0,0.0,0.0,4537038.0,3518519.0
KH-00362,0.0,0.0,0.0,2027778.0,0.0
KH-00363,0.0,0.0,0.0,109147287.0,0.0
KH-00364,0.0,0.0,0.0,138735527.0,229125140.0
KH-00365,0.0,0.0,0.0,23108230.0,28913139.0
KH-00366,0.0,0.0,0.0,331259832.0,282253380.0
KH-00367,0.0,0.0,0.0,68896093.0,0.0
KH-00368,0.0,0.0,0.0,54000819.0,0.0
KH-00369,0.0,0.0,0.0,50840259.0,30937768.0
KH-00370,0.0,0.0,0.0,28205550.0,0.0
KH-00371,0.0,0.0,0.0,43649066.0,20252774.0
KH-00372,0.0,0.0,0.0,220754936.0,384633812.0
KH-00373,0.0,0.0,0.0,47111094.0,0.0
KH-00374,0.0,0.0,0.0,128455521.0,145213927.0
KH-00375,0.0,0.0,0.0,10716664.0,0.0
KH-00376,0.0,0.0,0.0,17373698.0,20743326.0
KH-00377,0.0,0.0,0.0,126285337.0,76427574.0
KH-00378,0.0,0.0,0.0,34553883.0,0.0
KH-00379,0.0,0.0,0.0,648760002.0,77455335.0
KH-00380,0.0,0.0,0.0,32087028.0,139192088.0
KH-00381,0.0,0.0,0.0,31915547.0,40151656.0
KH-00382,0.0,0.0,0.0,93499980.0,36706104.0
KH-00383,0.0,0.0,0.0,85199976.0,73937759.0
KH-00384,0.0,0.0,0.0,33226102.0,24718326.0
KH-00385,0.0,0.0,0.0,99911078.0,100461092.0
KH-00386,0.0,0.0,0.0,118080708.0,180566997.0
KH-00387,0.0,0.0,0.0,160507270.0,176865506.0
KH-00388,0.0,0.0,0.0,2768519.0,0.0
KH-00389,0.0,0.0,0.0,23752770.0,32316938.0
KH-00390,0.0,0.0,0.0,48513228.0,75352759.0
KH-00391,0.0,0.0,0.0,27965179.0,0.0
KH-00392,0.0,0.0,0.0,27092767.0,29300550.0
KH-00393,0.0,0.0,0.0,101101636.0,0.0
KH-00394,0.0,0.0,0.0,71822204.0,0.0
KH-00395,0.0,0.0,0.0,49801286.0,17259990.0
KH-00396,0.0,0.0,0.0,93184508.0,25858314.0
KH-00397,0.0,0.0,0.0,23213788.0,64512932.0
KH-00398,0.0,0.0,0.0,35105550.0,0.0
KH-00399,0.0,0.0,0.0,4611112.0,0.0
KH-00400,0.0,0.0,0.0,4527778.0,0.0
KH-00401,0.0,0.0,0.0,22144902.0,0.0
KH-00402,0.0,0.0,0.0,193503281.0,176247601.0
KH-00403,0.0,0.0,0.0,64112490.0,48290546.0
KH-00404,0.0,0.0,0.0,61145546.0,150023860.0
KH-00405,0.0,0.0,0.0,100248865.0,0.0
KH-00406,0.0,0.0,0.0,82642778.0,0.0
KH-00407,0.0,0.0,0.0,61850722.0,28545921.0
KH-00408,0.0,0.0,0.0,39362212.0,90022025.0
KH-00409,0.0,0.0,0.0,18133330.0,0.0
KH-00410,0.0,0.0,0.0,142988859.0,0.0
KH-00411,0.0,0.0,0.0,2361111.0,0.0
KH-00412,0.0,0.0,0.0,6805556.0,0.0
KH-00413,0.0,0.0,0.0,29907408.0,0.0
KH-00414,0.0,0.0,0.0,114034969.0,65963408.0
KH-00415,0.0,0.0,0.0,108396647.0,299934539.0
KH-00416,0.0,0.0,0.0,32353328.0,0.0
KH-00417,0.0,0.0,0.0,29619436.0,46146104.0
KH-00418,0.0,0.0,0.0,7361112.0,0.0
KH-00419,0.0,0.0,0.0,98137754.0,48703319.0
KH-00420,0.0,0.0,0.0,80290918.0,36624618.0
KH-00421,0.0,0.0,0.0,75644986.0,0.0
KH-00422,0.0,0.0,0.0,15861474.0,0.0
KH-00423,0.0,0.0,0.0,112084976.0,136383665.0
KH-00424,0.0,0.0,0.0,57611102.0,19876663.0
KH-00425,0.0,0.0,0.0,78216095.0,42792765.0
KH-00426,0.0,0.0,0.0,31055551.0,195965160.0
KH-00427,0.0,0.0,0.0,110648148.0,0.0
KH-00428,0.0,0.0,0.0,119609411.0,35747486.0
KH-00429,0.0,0.0,0.0,38662392.0,0.0
KH-00430,0.0,0.0,0.0,44446658.0,0.0
KH-00431,0.0,0.0,0.0,17887217.0,0.0
KH-00432,0.0,0.0,0.0,41172304.0,18677211.0
KH-00433,0.0,0.0,0.0,49297210.0,0.0
KH-00434,0.0,0.0,0.0,32716104.0,20544251.0
KH-00435,0.0,0.0,0.0,34497214.0,13042404.0
KH-00436,0.0,0.0,0.0,58825538.0,23712491.0
KH-00437,0.0,0.0,0.0,16189996.0,23752773.0
KH-00438,0.0,0.0,0.0,44257772.0,15305550.0
KH-00439,0.0,0.0,0.0,37204436.0,0.0
KH-00440,0.0,0.0,0.0,3088888.0,34017491.0
KH-00441,0.0,0.0,0.0,66861268.0,54400554.0
KH-00442,0.0,0.0,0.0,50945544.0,0.0
KH-00443,0.0,0.0,0.0,23242219.0,0.0
KH-00444,0.0,0.0,0.0,56593877.0,69403870.0
KH-00445,0.0,0.0,0.0,20933330.0,0.0
KH-00446,0.0,0.0,0.0,22567396.0,0.0
KH-00447,0.0,0.0,0.0,28011846.0,72664798.0
KH-00448,0.0,0.0,0.0,15771104.0,0.0
KH-00449,0.0,0.0,0.0,16652772.0,0.0
KH-00450,0.0,0.0,0.0,35684616.0,0.0
KH-00451,0.0,0.0,0.0,28180365.0,0.0
KH-00452,0.0,0.0,0.0,50632220.0,30611100.0
KH-00453,0.0,0.0,0.0,103187758.0,123807751.0
KH-00454,0.0,0.0,0.0,42573326.0,0.0
KH-00455,0.0,0.0,0.0,82253317.0,0.0
KH-00456,0.0,0.0,0.0,63827764.0,0.0
KH-00457,0.0,0.0,0.0,18777768.0,62920168.0
KH-00458,0.0,0.0,0.0,117002752.0,65442108.0
KH-00459,0.0,0.0,0.0,51079989.0,0.0
KH-00460,0.0,0.0,0.0,16361110.0,0.0
KH-00461,0.0,0.0,0.0,22685185.0,68055555.0
KH-00462,0.0,0.0,0.0,4981482.0,0.0
KH-00463,0.0,0.0,0.0,210773294.0,209816625.0
KH-00464,0.0,0.0,0.0,25797586.0,0.0
KH-00465,0.0,0.0,0.0,34894436.0,0.0
KH-00466,0.0,0.0,0.0,56339800.0,68568961.0
KH-00467,0.0,0.0,0.0,46177214.0,16894441.0
KH-00468,0.0,0.0,0.0,28953046.0,0.0
KH-00469,0.0,0.0,0.0,52729062.0,72564430.0
KH-00470,0.0,0.0,0.0,25285547.0,0.0
KH-00471,0.0,0.0,0.0,55482205.0,0.0
KH-00472,0.0,0.0,0.0,50409246.0,0.0
KH-00473,0.0,0.0,0.0,20212216.0,0.0
KH-00474,0.0,0.0,0.0,39804429.0,0.0
KH-00475,0.0,0.0,0.0,18287774.0,54253693.0
KH-00476,0.0,0.0,0.0,37425540.0,80971830.0
KH-00477,0.0,0.0,0.0,69020445.0,57237490.0
KH-00478,0.0,0.0,0.0,4527778.0,0.0
KH-00479,0.0,0.0,0.0,3333333.0,0.0
KH-00480,0.0,0.0,0.0,22314816.0,0.0
KH-00481,0.0,0.0,0.0,31275548.0,39058879.0
KH-00482,0.0,0.0,0.0,44872212.0,0.0
KH-00483,0.0,0.0,0.0,83684423.0,29599993.0
KH-00484,0.0,0.0,0.0,61862577.0,66327206.0
KH-00485,0.0,0.0,0.0,31401105.0,46452952.0
KH-00486,0.0,0.0,0.0,69087021.0,37097210.0
KH-00487,0.0,0.0,0.0,146087010.0,42278324.0
KH-00488,0.0,0.0,0.0,118259982.0,84917580.0
KH-00489,0.0,0.0,0.0,24511106.0,75661092.0
KH-00490,0.0,0.0,0.0,19349256.0,0.0
KH-00491,0.0,0.0,0.0,283026601.0,0.0
KH-00492,0.0,0.0,0.0,31976657.0,51509990.0
KH-00493,0.0,0.0,0.0,14104439.0,19286104.0
KH-00494,0.0,0.0,0.0,34963325.0,0.0
KH-00495,0.0,0.0,0.0,19709997.0,94111089.0
KH-00496,0.0,0.0,0.0,26576661.0,34858325.0
KH-00497,0.0,0.0,0.0,55916096.0,49677763.0
KH-00498,0.0,0.0,0.0,23802030.0,16356664.0
KH-00499,0.0,0.0,0.0,96427756.0,0.0
KH-00500,0.0,0.0,0.0,12458333.0,0.0
KH-00501,0.0,0.0,0.0,24826106.0,11407217.0
KH-00502,0.0,0.0,0.0,32740456.0,16020459.0
KH-00503,0.0,0.0,0.0,57315550.0,32459438.0
KH-00504,0.0,0.0,0.0,22818328.0,0.0
KH-00505,0.0,0.0,0.0,64177024.0,66688870.0
KH-00506,0.0,0.0,0.0,61166093.0,16663884.0
KH-00507,0.0,0.0,0.0,35994437.0,0.0
KH-00508,0.0,0.0,0.0,33244157.0,0.0
KH-00509,0.0,0.0,0.0,42307765.0,31820826.0
KH-00510,0.0,0.0,0.0,17587774.0,21388330.0
KH-00511,0.0,0.0,0.0,14207958.0,0.0
KH-00512,0.0,0.0,0.0,22188882.0,25388885.0
KH-00513,0.0,0.0,0.0,87652760.0,10529163.0
KH-00514,0.0,0.0,0.0,29769439.0,48467115.0
KH-00515,0.0,0.0,0.0,34973416.0,0.0
KH-00516,0.0,0.0,0.0,31988880.0,0.0
KH-00517,0.0,0.0,0.0,62083320.0,0.0
KH-00518,0.0,0.0,0.0,33148327.0,25692030.0
KH-00519,0.0,0.0,0.0,33472214.0,121990541.0
KH-00520,0.0,0.0,0.0,71704244.0,0.0
KH-00521,0.0,0.0,0.0,48686099.0,46109988.0
KH-00522,0.0,0.0,0.0,15749995.0,0.0
KH-00523,0.0,0.0,0.0,24352217.0,0.0
KH-00524,0.0,0.0,0.0,27199995.0,0.0
KH-00525,0.0,0.0,0.0,44550175.0,0.0
KH-00526,0.0,0.0,0.0,31530549.0,0.0
KH-00527,0.0,0.0,0.0,28256474.0,24583881.0
KH-00528,0.0,0.0,0.0,24083328.0,0.0
KH-00529,0.0,0.0,0.0,120795166.0,0.0
KH-00530,0.0,0.0,0.0,21605551.0,0.0
KH-00531,0.0,0.0,0.0,37169437.0,18079996.0
KH-00532,0.0,0.0,0.0,31324993.0,0.0
KH-00533,0.0,0.0,0.0,29689996.0,0.0
KH-00534,0.0,0.0,0.0,19952588.0,0.0
KH-00535,0.0,0.0,0.0,14576478.0,12614622.0
KH-00536,0.0,0.0,0.0,135639972.0,0.0
KH-00537,0.0,0.0,0.0,20135548.0,0.0
KH-00538,0.0,0.0,0.0,68250264.0,0.0
KH-00539,0.0,0.0,0.0,17192218.0,0.0
KH-00540,0.0,0.0,0.0,2768519.0,0.0
KH-00541,0.0,0.0,0.0,2361111.0,0.0
KH-00542,0.0,0.0,0.0,2361111.0,0.0
KH-00543,0.0,0.0,0.0,27082216.0,25347770.0
KH-00544,0.0,0.0,0.0,26793141.0,0.0
KH-00545,0.0,0.0,0.0,40305546.0,39087218.0
KH-00546,0.0,0.0,0.0,40747215.0,0.0
KH-00547,0.0,0.0,0.0,20756106.0,17471666.0
KH-00548,0.0,0.0,0.0,22080551.0,0.0
KH-00549,0.0,0.0,0.0,24975551.0,0.0
KH-00550,0.0,0.0,0.0,7799812.0,0.0
KH-00551,0.0,0.0,0.0,19988329.0,86966648.0
KH-00552,0.0,0.0,0.0,21451568.0,0.0
KH-00553,0.0,0.0,0.0,97271000.0,281201401.0
KH-00554,0.0,0.0,0.0,29284994.0,0.0
KH-00555,0.0,0.0,0.0,21375919.0,0.0
KH-00556,0.0,0.0,0.0,23997772.0,69327379.0
KH-00557,0.0,0.0,0.0,68628317.0,78276002.0
KH-00558,0.0,0.0,0.0,127875525.0,0.0
KH-00559,0.0,0.0,0.0,43414990.0,0.0
KH-00560,0.0,0.0,0.0,63440545.0,0.0
KH-00561,0.0,0.0,0.0,47910731.0,0.0
KH-00562,0.0,0.0,0.0,60958882.0,32629620.0
KH-00563,0.0,0.0,0.0,28828328.0,0.0
KH-00564,0.0,0.0,0.0,114370533.0,17994440.0
KH-00565,0.0,0.0,0.0,98196457.0,0.0
KH-00566,0.0,0.0,0.0,44172215.0,0.0
KH-00567,0.0,0.0,0.0,24564438.0,0.0
KH-00568,0.0,0.0,0.0,44781656.0,68603868.0
KH-00569,0.0,0.0,0.0,29326009.0,16196656.0
KH-00570,0.0,0.0,0.0,26052117.0,19833328.0
KH-00571,0.0,0.0,0.0,23174064.0,37596465.0
KH-00572,0.0,0.0,0.0,36044992.0,0.0
KH-00573,0.0,0.0,0.0,26717216.0,0.0
KH-00574,0.0,0.0,0.0,34270830.0,0.0
KH-00575,0.0,0.0,0.0,57141645.0,0.0
KH-00576,0.0,0.0,0.0,21478325.0,0.0
KH-00577,0.0,0.0,0.0,66969336.0,0.0
KH-00578,0.0,0.0,0.0,9833330.0,22569442.0
KH-00579,0.0,0.0,0.0,34270830.0,0.0
KH-00580,0.0,0.0,0.0,24779998.0,0.0
KH-00581,0.0,0.0,0.0,29371102.0,0.0
KH-00582,0.0,0.0,0.0,29156661.0,0.0
KH-00583,0.0,0.0,0.0,16494903.0,0.0
KH-00584,0.0,0.0,0.0,65415539.0,122534403.0
KH-00585,0.0,0.0,0.0,44041190.0,0.0
KH-00586,0.0,0.0,0.0,152828578.0,0.0
KH-00587,0.0,0.0,0.0,17595552.0,0.0
KH-00588,0.0,0.0,0.0,29433330.0,23865548.0
KH-00589,0.0,0.0,0.0,0.0,16527777.0
KH-00590,0.0,0.0,0.0,0.0,2268519.0
KH-00591,0.0,0.0,0.0,0.0,9157407.0
KH-00592,0.0,0.0,0.0,0.0,14944444.0
KH-00593,0.0,0.0,0.0,0.0,5185186.0
KH-00594,0.0,0.0,0.0,0.0,171441583.0
KH-00595,0.0,0.0,0.0,0.0,34527950.0
KH-00596,0.0,0.0,0.0,0.0,27434438.0
KH-00597,0.0,0.0,0.0,0.0,54138131.0
KH-00598,0.0,0.0,0.0,0.0,31998692.0
KH-00599,0.0,0.0,0.0,0.0,24137774.0
KH-00600,0.0,0.0,0.0,0.0,24913880.0
KH-00601,0.0,0.0,0.0,0.0,18164071.0
KH-00602,0.0,0.0,0.0,0.0,33720915.0
KH-00603,0.0,0.0,0.0,0.0,40402775.0
KH-00604,0.0,0.0,0.0,0.0,25219441.0
KH-00605,0.0,0.0,0.0,0.0,197154205.0
KH-00606,0.0,0.0,0.0,0.0,22931385.0
KH-00607,0.0,0.0,0.0,0.0,69146654.0
KH-00608,0.0,0.0,0.0,0.0,70911654.0
KH-00609,0.0,0.0,0.0,0.0,47958781.0
KH-00610,0.0,0.0,0.0,0.0,24388144.0
KH-00611,0.0,0.0,0.0,0.0,26627771.0
KH-00612,0.0,0.0,0.0,0.0,52107022.0
KH-00613,0.0,0.0,0.0,0.0,16197214.0
KH-00614,0.0,0.0,0.0,0.0,48134990.0
KH-00615,0.0,0.0,0.0,0.0,45789063.0
KH-00616,0.0,0.0,0.0,0.0,2768519.0
KH-00617,0.0,0.0,0.0,0.0,10000000.0
KH-00618,0.0,0.0,0.0,0.0,26313330.0
KH-00619,0.0,0.0,0.0,0.0,3231481.0
KH-00620,0.0,0.0,0.0,0.0,19236110.0
KH-00621,0.0,0.0,0.0,0.0,59162297.0
KH-00622,0.0,0.0,0.0,0.0,22282679.0
KH-00623,0.0,0.0,0.0,0.0,28701662.0
KH-00624,0.0,0.0,0.0,0.0,187646074.0
KH-00625,0.0,0.0,0.0,0.0,64901093.0
KH-00626,0.0,0.0,0.0,0.0,167804584.0
KH-00627,0.0,0.0,0.0,0.0,4527778.0
KH-00628,0.0,0.0,0.0,0.0,61323876.0
KH-00629,0.0,0.0,0.0,0.0,38233229.0
KH-00630,0.0,0.0,0.0,0.0,53407207.0
KH-00631,0.0,0.0,0.0,0.0,74037193.0
KH-00632,0.0,0.0,0.0,0.0,13301104.0
KH-00633,0.0,0.0,0.0,0.0,21803886.0
KH-00634,0.0,0.0,0.0,0.0,35434991.0
KH-00635,0.0,0.0,0.0,0.0,49836649.0
KH-00636,0.0,0.0,0.0,0.0,36113882.0
KH-00637,0.0,0.0,0.0,0.0,19377401.0
KH-00638,0.0,0.0,0.0,0.0,20364997.0
KH-00639,0.0,0.0,0.0,0.0,63937482.0
KH-00640,0.0,0.0,0.0,0.0,30611100.0
KH-00641,0.0,0.0,0.0,0.0,84074072.0
KH-00642,0.0,0.0,0.0,0.0,2398148.0
KH-00643,0.0,0.0,0.0,0.0,4527778.0
KH-00644,0.0,0.0,0.0,0.0,40240820.0
KH-00645,0.0,0.0,0.0,0.0,11398330.0
KH-00646,0.0,0.0,0.0,0.0,154201803.0
KH-00647,0.0,0.0,0.0,0.0,71840255.0
KH-00648,0.0,0.0,0.0,0.0,28859431.0
KH-00649,0.0,0.0,0.0,0.0,31729991.0
KH-00650,0.0,0.0,0.0,0.0,29201935.0
KH-00651,0.0,0.0,0.0,0.0,26088879.0
KH-00652,0.0,0.0,0.0,0.0,26590271.0
KH-00653,0.0,0.0,0.0,0.0,15308884.0
KH-00654,0.0,0.0,0.0,0.0,26218142.0
KH-00655,0.0,0.0,0.0,0.0,16713883.0
KH-00656,0.0,0.0,0.0,0.0,152467729.0
KH-00657,0.0,0.0,0.0,0.0,26111103.0
KH-00658,0.0,0.0,0.0,0.0,364403087.0
KH-00659,0.0,0.0,0.0,0.0,56105545.0
KH-00660,0.0,0.0,0.0,0.0,54438877.0
KH-00661,0.0,0.0,0.0,0.0,24309254.0
KH-00662,0.0,0.0,0.0,0.0,63328316.0
KH-00663,0.0,0.0,0.0,0.0,33862215.0
KH-00664,0.0,0.0,0.0,0.0,41239152.0
KH-00665,0.0,0.0,0.0,0.0,79700538.0
KH-00666,0.0,0.0,0.0,0.0,86289695.0
KH-00667,0.0,0.0,0.0,0.0,43433323.0
KH-00668,0.0,0.0,0.0,0.0,49396660.0
KH-00669,0.0,0.0,0.0,0.0,18054252.0
KH-00670,0.0,0.0,0.0,0.0,40092215.0
KH-00671,0.0,0.0,0.0,0.0,120261816.0
KH-00672,0.0,0.0,0.0,0.0,28903880.0
KH-00673,0.0,0.0,0.0,0.0,32380548.0
KH-00674,0.0,0.0,0.0,0.0,9953332.0
KH-00675,0.0,0.0,0.0,0.0,2768519.0
KH-00676,0.0,0.0,0.0,0.0,2500000.0
KH-00677,0.0,0.0,0.0,0.0,40740740.0
KH-00678,0.0,0.0,0.0,0.0,16797398.0
KH-00679,0.0,0.0,0.0,0.0,25507860.0
KH-00680,0.0,0.0,0.0,0.0,72031096.0
KH-00681,0.0,0.0,0.0,0.0,44205546.0
KH-00682,0.0,0.0,0.0,0.0,13187212.0
KH-00683,0.0,0.0,0.0,0.0,41769992.0
KH-00684,0.0,0.0,0.0,0.0,40791838.0
KH-00685,0.0,0.0,0.0,0.0,2500000.0
KH-00686,0.0,0.0,0.0,0.0,26074995.0
KH-00687,0.0,0.0,0.0,0.0,95224982.0
KH-00688,0.0,0.0,0.0,0.0,50163875.0
KH-00689,0.0,0.0,0.0,0.0,27132399.0
KH-00690,0.0,0.0,0.0,0.0,92160534.0
KH-00691,0.0,0.0,0.0,0.0,15916666.0
KH-00692,0.0,0.0,0.0,0.0,25886013.0
KH-00693,0.0,0.0,0.0,0.0,35016657.0
KH-00694,0.0,0.0,0.0,0.0,58284432.0
KH-00695,0.0,0.0,0.0,0.0,3518519.0
KH-00696,0.0,0.0,0.0,0.0,118360054.0
KH-00697,0.0,0.0,0.0,0.0,16371662.0
KH-00698,0.0,0.0,0.0,0.0,118223676.0
KH-00699,0.0,0.0,0.0,0.0,34066101.0
KH-00700,0.0,0.0,0.0,0.0,26606659.0
KH-00701,0.0,0.0,0.0,0.0,36290551.0
KH-00702,0.0,0.0,0.0,0.0,74234242.0
